metric,mean,median,std,min,max,n
CER,0.3365368518692832,0.26373626373626374,0.3801355681848495,0.012987012987012988,4.7555555555555555,201
WER,0.6547994461648196,0.6363636363636364,0.3967519848900676,0.0625,4.857142857142857,201
