metric,mean,median,std,min,max,n
CER,0.23149520657512804,0.18181818181818182,0.17732311571199574,0.0,1.0,201
WER,0.48324401008712997,0.42857142857142855,0.26297044706665157,0.0,1.0714285714285714,201
